{"learner":{"attributes":{},"feature_names":["totaldue","termdays","loannumber_max","totaldue_min","termdays_min","first_payment_default_sum","longitude_gps","latitude_gps","age","is_GT Bank","is_First Bank","is_Access_Diamond","is_UBA","is_Zenith Bank","is_Permanent","is_Self-Employed","bank_account_num"],"feature_types":["float","int","float","float","float","float","float","float","float","float","float","float","float","float","float","float","int"],"gradient_booster":{"model":{"gbtree_model_param":{"num_parallel_tree":"1","num_trees":"14"},"iteration_indptr":[0,1,2,3,4,5,6,7,8,9,10,11,12,13,14],"tree_info":[0,0,0,0,0,0,0,0,0,0,0,0,0,0],"trees":[{"base_weights":[1.3452801E-1,4.9172065E-1,-4.125794E-1,2.6212206E-1,6.68453E-1,-1.3426849E0,2.1769443E-1,1.5001191E-1,-2.147197E-2,2.1216743E-1,-4.7456052E-2,-5.726133E-1,-3.3930042E-1,1.5212376E-1,-1.2718984E-1],"categories":[],"categories_nodes":[],"categories_segments":[],"categories_sizes":[],"default_left":[0,0,0,0,0,0,0,0,0,0,0,0,0,0,0],"id":0,"left_children":[1,3,5,7,9,11,13,-1,-1,-1,-1,-1,-1,-1,-1],"loss_changes":[9.56752E1,1.1836845E1,1.1373483E2,1.0388616E1,5.452301E0,7.223587E0,2.1793678E1,0E0,0E0,0E0,0E0,0E0,0E0,0E0,0E0],"parents":[2147483647,0,0,1,1,2,2,3,3,4,4,5,5,6,6],"right_children":[2,4,6,8,10,12,14,-1,-1,-1,-1,-1,-1,-1,-1],"split_conditions":[1E0,2E0,4E0,6.685084E0,7.914859E0,1E0,3E0,1.5001191E-1,-2.147197E-2,2.1216743E-1,-4.7456052E-2,-5.726133E-1,-3.3930042E-1,1.5212376E-1,-1.2718984E-1],"split_indices":[5,2,2,7,6,14,5,0,0,0,0,0,0,0,0],"split_type":[0,0,0,0,0,0,0,0,0,0,0,0,0,0,0],"sum_hessian":[4.875426E2,2.950277E2,1.9251491E2,1.2940138E2,1.6562631E2,7.7304726E1,1.1521018E2,7.525073E1,5.4150654E1,1.5834398E2,7.282329E0,1.8859365E1,5.8445362E1,7.954544E1,3.566474E1],"tree_param":{"num_deleted":"0","num_feature":"17","num_nodes":"15","size_leaf_vector":"1"}},{"base_weights":[1.0774676E-1,3.8138843E-1,-2.608782E-1,6.64397E-2,4.7232586E-1,-6.931913E-1,2.5566003E-1,-4.5958243E-2,1.2259315E-1,2.0742391E-1,9.475872E-2,2.3617037E-1,-2.3067237E-1,1.894172E-1,-3.5463315E-2],"categories":[],"categories_nodes":[],"categories_segments":[],"categories_sizes":[],"default_left":[0,0,0,0,0,0,0,0,0,0,0,0,0,0,0],"id":1,"left_children":[1,3,5,7,9,11,13,-1,-1,-1,-1,-1,-1,-1,-1],"loss_changes":[4.81574E1,7.811844E0,4.5637722E1,4.761487E0,7.0601196E0,1.3058201E1,1.320689E1,0E0,0E0,0E0,0E0,0E0,0E0,0E0,0E0],"parents":[2147483647,0,0,1,1,2,2,3,3,4,4,5,5,6,6],"right_children":[2,4,6,8,10,12,14,-1,-1,-1,-1,-1,-1,-1,-1],"split_conditions":[1E0,3.6E1,1.575E4,3E0,6.59471E0,1.15E4,1E0,-4.5958243E-2,1.2259315E-1,2.0742391E-1,9.475872E-2,2.3617037E-1,-2.3067237E-1,1.894172E-1,-3.5463315E-2],"split_indices":[5,8,0,2,7,3,16,0,0,0,0,0,0,0,0],"split_type":[0,0,0,0,0,0,0,0,0,0,0,0,0,0,0],"sum_hessian":[4.7542865E2,2.7284946E2,2.0257918E2,6.1518757E1,2.113307E2,1.1009442E2,9.2484764E1,3.780624E1,2.3712517E1,8.662106E1,1.2470964E2,4.8995914E0,1.0519483E2,4.5784122E1,4.6700638E1],"tree_param":{"num_deleted":"0","num_feature":"17","num_nodes":"15","size_leaf_vector":"1"}},{"base_weights":[8.51903E-2,2.922567E-1,-1.7112298E-1,1.1095228E-1,4.4540063E-1,3.7868455E-1,-3.950665E-1,-1.852294E-1,5.8535516E-2,5.8225315E-2,1.7127445E-1,4.217163E-2,2.0145445E-1,-1.7982876E-1,-2.6772786E-2],"categories":[],"categories_nodes":[],"categories_segments":[],"categories_sizes":[],"default_left":[0,0,0,0,0,0,0,0,0,0,0,0,0,0,0],"id":2,"left_children":[1,3,5,7,9,11,13,-1,-1,-1,-1,-1,-1,-1,-1],"loss_changes":[2.4628763E1,7.0733223E0,2.5707344E1,7.4033475E0,4.2653637E0,4.130188E0,9.1954975E0,0E0,0E0,0E0,0E0,0E0,0E0,0E0,0E0],"parents":[2147483647,0,0,1,1,2,2,3,3,4,4,5,5,6,6],"right_children":[2,4,6,8,10,12,14,-1,-1,-1,-1,-1,-1,-1,-1],"split_conditions":[1E0,2E0,1E0,3.3E1,3.8E1,9E0,4E0,-1.852294E-1,5.8535516E-2,5.8225315E-2,1.7127445E-1,4.217163E-2,2.0145445E-1,-1.7982876E-1,-2.6772786E-2],"split_indices":[5,2,16,8,8,2,2,0,0,0,0,0,0,0,0],"split_type":[0,0,0,0,0,0,0,0,0,0,0,0,0,0,0],"sum_hessian":[4.6210452E2,2.5553036E2,2.0657416E2,1.1779701E2,1.3773335E2,5.9587902E1,1.4698625E2,1.1545447E1,1.06251564E2,4.6724167E1,9.1009186E1,3.368074E1,2.5907164E1,8.753327E1,5.9452984E1],"tree_param":{"num_deleted":"0","num_feature":"17","num_nodes":"15","size_leaf_vector":"1"}},{"base_weights":[6.5470465E-2,4.1582906E-1,-1.835014E-2,-2.5254007E-2,5.750401E-1,1.6021995E-1,-2.684598E-1,1.4576487E-1,-1.886947E-1,2.3886745E-1,8.129284E-2,1.0879314E-1,5.967034E-3,-5.7044365E-2,-2.3417957E-1],"categories":[],"categories_nodes":[],"categories_segments":[],"categories_sizes":[],"default_left":[0,0,0,0,0,0,0,0,0,0,0,0,0,0,0],"id":3,"left_children":[1,3,5,7,9,11,13,-1,-1,-1,-1,-1,-1,-1,-1],"loss_changes":[1.322138E1,6.1176004E0,1.630185E1,7.7140636E0,4.0817623E0,6.0439396E0,5.948493E0,0E0,0E0,0E0,0E0,0E0,0E0,0E0,0E0],"parents":[2147483647,0,0,1,1,2,2,3,3,4,4,5,5,6,6],"right_children":[2,4,6,8,10,12,14,-1,-1,-1,-1,-1,-1,-1,-1],"split_conditions":[1E0,3.6E1,1E0,6.637837E0,3.8233314E0,6.59471E0,3E0,1.4576487E-1,-1.886947E-1,2.3886745E-1,8.129284E-2,1.0879314E-1,5.967034E-3,-5.7044365E-2,-2.3417957E-1],"split_indices":[16,8,5,7,6,7,5,0,0,0,0,0,0,0,0],"split_type":[0,0,0,0,0,0,0,0,0,0,0,0,0,0,0],"sum_hessian":[4.4894818E2,8.590715E1,3.6304105E2,2.3007599E1,6.2899555E1,2.1202298E2,1.5101807E2,1.2564913E1,1.0442686E1,3.5475254E1,2.74243E1,8.615761E1,1.25865364E2,1.3217783E2,1.884023E1],"tree_param":{"num_deleted":"0","num_feature":"17","num_nodes":"15","size_leaf_vector":"1"}},{"base_weights":[5.0104998E-2,-6.013319E-2,2.684074E-1,1.05253585E-1,-2.619408E-1,3.3919948E-1,-5.565981E-1,1.3678402E-1,-1.3044397E-2,1.592803E-1,-9.288926E-2,3.5791777E-2,1.3280097E-1,-1.5460576E-2,-2.4930277E-1],"categories":[],"categories_nodes":[],"categories_segments":[],"categories_sizes":[],"default_left":[0,0,0,0,0,0,0,0,0,0,0,0,0,0,0],"id":4,"left_children":[1,3,5,7,9,11,13,-1,-1,-1,-1,-1,-1,-1,-1],"loss_changes":[1.0628232E1,9.834373E0,8.841101E0,8.48011E0,5.1793356E0,3.0656385E0,1.6322565E0,0E0,0E0,0E0,0E0,0E0,0E0,0E0,0E0],"parents":[2147483647,0,0,1,1,2,2,3,3,4,4,5,5,6,6],"right_children":[2,4,6,8,10,12,14,-1,-1,-1,-1,-1,-1,-1,-1],"split_conditions":[2.3E4,1E0,7.4999485E0,1.25E4,1.15E4,6.5377398E0,5E0,1.3678402E-1,-1.3044397E-2,1.592803E-1,-9.288926E-2,3.5791777E-2,1.3280097E-1,-1.5460576E-2,-2.4930277E-1],"split_indices":[0,5,6,0,3,7,2,0,0,0,0,0,0,0,0],"split_type":[0,0,0,0,0,0,0,0,0,0,0,0,0,0,0],"sum_hessian":[4.3997137E2,2.9282526E2,1.4714613E2,1.6119777E2,1.3162747E2,1.3605995E2,1.1086181E1,4.7391266E1,1.1380651E2,6.89307E0,1.24734406E2,4.4225555E1,9.18344E1,4.3210135E0,6.765167E0],"tree_param":{"num_deleted":"0","num_feature":"17","num_nodes":"15","size_leaf_vector":"1"}},{"base_weights":[3.8393587E-2,-2.2279102E-1,1.0773311E-1,-3.4065023E-1,3.1265825E-1,2.2280988E-1,-9.338227E-2,-1.8335676E-1,-5.4258175E-2,1.28586115E-2,1.8457538E-1,1.759555E-1,4.188251E-2,-1.5392576E-1,2.7816975E-2],"categories":[],"categories_nodes":[],"categories_segments":[],"categories_sizes":[],"default_left":[0,0,0,0,0,0,0,0,0,0,0,0,0,0,0],"id":5,"left_children":[1,3,5,7,9,11,13,-1,-1,-1,-1,-1,-1,-1,-1],"loss_changes":[7.856778E0,5.853017E0,7.9461927E0,3.1364202E0,1.3573005E0,6.518278E0,9.837392E0,0E0,0E0,0E0,0E0,0E0,0E0,0E0,0E0],"parents":[2147483647,0,0,1,1,2,2,3,3,4,4,5,5,6,6],"right_children":[2,4,6,8,10,12,14,-1,-1,-1,-1,-1,-1,-1,-1],"split_conditions":[3.5E1,1E0,7.177822E0,1E0,3.3E1,1E0,7.500689E0,-1.8335676E-1,-5.4258175E-2,1.28586115E-2,1.8457538E-1,1.759555E-1,4.188251E-2,-1.5392576E-1,2.7816975E-2],"split_indices":[8,11,7,14,8,16,7,0,0,0,0,0,0,0,0],"split_type":[0,0,0,0,0,0,0,0,0,0,0,0,0,0,0],"sum_hessian":[4.3150122E2,9.005888E1,3.4144232E2,7.4110115E1,1.5948773E1,2.1710724E2,1.24335075E2,2.6469603E1,4.7640507E1,9.034834E0,6.9139385E0,3.9292774E1,1.7781447E2,3.7656193E1,8.667889E1],"tree_param":{"num_deleted":"0","num_feature":"17","num_nodes":"15",